rank,feature,importance
1,As (mm^2),0.21362868
2,Re (mm),0.18066317
3,Ac (mm^2),0.12297403
4,e_bar,0.07877527
5,te (mm),0.05138149
6,e1/e2,0.04989196
7,e1 (mm),0.049796186
8,ke,0.043948095
9,fc (MPa),0.037702303
10,e/h,0.03654162
11,r0/h,0.034870856
12,fy (MPa),0.02518249
13,b/t,0.020935394
14,xi,0.01375409
15,sigma_re (MPa),0.012717222
16,lambda_bar,0.012148136
17,e2 (mm),0.008596012
18,R (%),0.0064929225
