rank,feature,importance
1,As (mm^2),0.21829991
2,Re (mm),0.16266367
3,Ac (mm^2),0.11377221
4,e_bar,0.0894615
5,te (mm),0.05715428
6,e1 (mm),0.056002654
7,e1/e2,0.049852006
8,fc (MPa),0.043601558
9,ke,0.040981747
10,e/h,0.038169116
11,fy (MPa),0.03373643
12,lambda_bar,0.01894407
13,r0/h,0.018726392
14,e2 (mm),0.01831255
15,b/t,0.013315053
16,xi,0.01253123
17,sigma_re (MPa),0.009499132
18,R (%),0.004976457
