{
  "model_name": "xgboost_model",
  "timestamp": "2026-03-09T11:01:09.066400",
  "context_hash": "f41e0f118946",
  "params_source": "best_params_file",
  "final_model_params": {
    "objective": "reg:squarederror",
    "max_depth": 7,
    "learning_rate": 0.0355610441053356,
    "n_estimators": 1678,
    "subsample": 0.9394679910706099,
    "colsample_bytree": 0.5493868735588291,
    "min_child_weight": 14,
    "reg_alpha": 0.02554644125530549,
    "reg_lambda": 0.039859302891696834,
    "gamma": 0.0009354010809763163,
    "random_state": 42,
    "tree_method": "hist",
    "device": "cpu",
    "n_jobs": -1
  },
  "optuna_run_info": null,
  "target_transform": {
    "enabled": true,
    "type": "log",
    "original_column": "Nexp (kN)"
  },
  "train_metrics_original_space": {
    "rmse": 235.41508989750574,
    "mae": 103.15537949765721,
    "r2": 0.9917813203345458,
    "mape": 5.231839275261856,
    "mse": 55420.26455145071,
    "max_error": 4244.5390625,
    "mean_prediction": 2174.994140625,
    "mean_actual": 2190.058187711177,
    "cov": 0.11076777771811927,
    "n_samples": 6397
  },
  "test_metrics_original_space": {
    "rmse": 451.2513916685346,
    "mae": 200.4996821151478,
    "r2": 0.973601581670427,
    "mape": 9.957802428406806,
    "mse": 203627.8184827892,
    "max_error": 5225.91796875,
    "mean_prediction": 2286.09033203125,
    "mean_actual": 2305.8402854809374,
    "cov": 0.22129606450982553,
    "n_samples": 1600
  },
  "train_metrics_transformed_space": {
    "rmse": 0.09345542777569327,
    "mae": 0.0513131721009111,
    "r2": 0.9872936364238181,
    "mape": 0.7172039887977847,
    "mse": 0.00873391698073782,
    "max_error": 1.6721019560277899,
    "mean_prediction": 7.324026584625244,
    "mean_actual": 7.324924941031401,
    "cov": 0.01348309889810236,
    "n_samples": 6397
  },
  "test_metrics_transformed_space": {
    "rmse": 0.16026877304056267,
    "mae": 0.09330757070141096,
    "r2": 0.9652059623104985,
    "mape": 1.311394459723435,
    "mse": 0.025686079611927388,
    "max_error": 1.8834919064673636,
    "mean_prediction": 7.351806640625,
    "mean_actual": 7.3481905569409856,
    "cov": 0.023491676308129338,
    "n_samples": 1600
  },
  "cv_results": {
    "cv_scores": [
      -0.1517786749449626,
      -0.14706457966008837,
      -0.1540841429660336,
      -0.1407279237155478,
      -0.14534161215054392
    ],
    "mean_cv_score": -0.14779938668743525,
    "std_cv_score": 0.004731153815345292,
    "max_cv_score": -0.1407279237155478,
    "min_cv_score": -0.1540841429660336,
    "cv_time": 3.679840087890625,
    "n_folds": 5
  },
  "data_split": {
    "n_train": 6397,
    "n_test": 1600,
    "test_size": 0.2,
    "n_train_fit": 5437,
    "n_validation": 960
  },
  "overfitting_analysis": {
    "rmse_ratio_original": 1.9168329093304892,
    "rmse_ratio_transformed": 1.7149220420373146,
    "status": "overfitting"
  }
}