{
  "trial_number": 79,
  "best_composite_objective": 5.899803046164855,
  "best_score": 5.899803046164855,
  "parameters": {
    "max_depth": 7,
    "learning_rate": 0.07973281000672092,
    "n_estimators": 2496,
    "subsample": 0.7967649923269976,
    "colsample_bytree": 0.52583377336423,
    "min_child_weight": 4,
    "reg_alpha": 0.0650196897510624,
    "reg_lambda": 0.043439802117930436,
    "gamma": 0.00021995652562510832
  },
  "timestamp": "2026-04-21T01:38:09.981043",
  "n_trials_total": 100,
  "context_hash": "df99ec132a67",
  "data_file": "/home/thelya/Work/CFST_Alchemy_Lab/cfst_predictitor/data/processed/final_feature_parameters_raw.csv",
  "study_name": "xgboost_optimization__final_feature_parameters_raw__df99ec132a67__4bb5b9bcf9",
  "storage_url": "sqlite:///logs/compact_group_B_iter6_weight_eh_threshold02_optuna.db"
}