{
  "trial_number": 46,
  "best_composite_objective": 7.154565701741082,
  "best_score": 7.154565701741082,
  "parameters": {
    "max_depth": 7,
    "learning_rate": 0.06576950174877705,
    "n_estimators": 4012,
    "subsample": 0.6413079509581229,
    "colsample_bytree": 0.4194809449636515,
    "min_child_weight": 4,
    "reg_alpha": 0.0010517237029031962,
    "reg_lambda": 0.3820169745940116,
    "gamma": 0.00021139279773398843
  },
  "timestamp": "2026-04-21T01:27:27.237474",
  "n_trials_total": 100,
  "context_hash": "df99ec132a67",
  "data_file": "/home/thelya/Work/CFST_Alchemy_Lab/cfst_predictitor/data/processed/final_feature_parameters_raw.csv",
  "study_name": "xgboost_optimization__final_feature_parameters_raw__df99ec132a67__4bb5b9bcf9",
  "storage_url": "sqlite:///logs/compact_group_B_iter5_weight_eh2_optuna.db"
}