{
  "model_name": "xgboost_model",
  "timestamp": "2026-03-09T13:08:05.753446",
  "context_hash": "f41e0f118946",
  "params_source": "optuna_best",
  "final_model_params": {
    "objective": "reg:squarederror",
    "max_depth": 5,
    "learning_rate": 0.04525955519959888,
    "n_estimators": 4152,
    "subsample": 0.6546304683476892,
    "colsample_bytree": 0.46181687751542483,
    "min_child_weight": 11,
    "reg_alpha": 0.07750008880359976,
    "reg_lambda": 1.4004832801318063,
    "gamma": 0.005275916302389832,
    "random_state": 42,
    "tree_method": "hist",
    "device": "cpu",
    "n_jobs": -1
  },
  "optuna_run_info": {
    "study_name": "xgboost_optimization__feature_parameters_unique__f41e0f118946__431649c0bf",
    "storage_url": "sqlite:///logs/optuna_study.db",
    "n_trials_before": 0,
    "n_trials_after": 400,
    "best_score": 0.14712713151820841,
    "best_params": {
      "max_depth": 5,
      "learning_rate": 0.04525955519959888,
      "n_estimators": 4152,
      "subsample": 0.6546304683476892,
      "colsample_bytree": 0.46181687751542483,
      "min_child_weight": 11,
      "reg_alpha": 0.07750008880359976,
      "reg_lambda": 1.4004832801318063,
      "gamma": 0.005275916302389832
    }
  },
  "target_transform": {
    "enabled": true,
    "type": "log",
    "original_column": "Nexp (kN)"
  },
  "train_metrics_original_space": {
    "rmse": 279.8097003178438,
    "mae": 128.14448888438977,
    "r2": 0.9883892842840273,
    "mape": 6.293231983922157,
    "mse": 78293.46839196155,
    "max_error": 5351.7734375,
    "mean_prediction": 2170.85107421875,
    "mean_actual": 2190.058187711177,
    "cov": 0.11799234962818636,
    "n_samples": 6397
  },
  "test_metrics_original_space": {
    "rmse": 402.10733641022733,
    "mae": 196.88342244591257,
    "r2": 0.9790383825015283,
    "mape": 10.044629541889691,
    "mse": 161690.30999492772,
    "max_error": 4500.869140625,
    "mean_prediction": 2283.300537109375,
    "mean_actual": 2305.8402854809374,
    "cov": 0.21759264440141812,
    "n_samples": 1600
  },
  "train_metrics_transformed_space": {
    "rmse": 0.10183491543813876,
    "mae": 0.06181105733095929,
    "r2": 0.9849129047331223,
    "mape": 0.8617345604599649,
    "mse": 0.010370350002292873,
    "max_error": 1.6456351095617254,
    "mean_prediction": 7.323960304260254,
    "mean_actual": 7.324924941031401,
    "cov": 0.0146087740952602,
    "n_samples": 6397
  },
  "test_metrics_transformed_space": {
    "rmse": 0.1585463866228707,
    "mae": 0.09440302499182611,
    "r2": 0.9659497972278477,
    "mape": 1.325115848660611,
    "mse": 0.025136956711168796,
    "max_error": 1.8770736783179496,
    "mean_prediction": 7.350544452667236,
    "mean_actual": 7.3481905569409856,
    "cov": 0.023156576969714824,
    "n_samples": 1600
  },
  "cv_results": {
    "cv_scores": [
      -0.15489469577665216,
      -0.14572112489941547,
      -0.1535825668197615,
      -0.13901896905507882,
      -0.14241830104013406
    ],
    "mean_cv_score": -0.14712713151820841,
    "std_cv_score": 0.006195158384632728,
    "max_cv_score": -0.13901896905507882,
    "min_cv_score": -0.15489469577665216,
    "cv_time": 4.446357727050781,
    "n_folds": 5
  },
  "data_split": {
    "n_train": 6397,
    "n_test": 1600,
    "test_size": 0.2,
    "n_train_fit": 5437,
    "n_validation": 960
  },
  "overfitting_analysis": {
    "rmse_ratio_original": 1.4370743257058713,
    "rmse_ratio_transformed": 1.5568961386252855,
    "status": "overfitting"
  }
}