{
  "trial_number": 174,
  "best_rmse": 435.46507087756316,
  "parameters": {
    "max_depth": 5,
    "learning_rate": 0.032557704737487175,
    "n_estimators": 4468,
    "subsample": 0.6545203978840765,
    "colsample_bytree": 0.5512277011503678,
    "min_child_weight": 5,
    "reg_alpha": 0.013217150723741274,
    "reg_lambda": 0.031029678277946865,
    "gamma": 0.000179818445655093
  },
  "timestamp": "2026-03-09T22:36:00.591141",
  "n_trials_total": 200,
  "context_hash": "50c238fd6888",
  "data_file": "/home/thelya/Work/work/xgboost/data/processed/2026.3.9-11864_feature_parameters_raw.csv",
  "study_name": "xgboost_optimization__2026_3_9_11864_feature_parameters_raw__50c238fd6888__b8c080d801",
  "storage_url": "sqlite:///logs/optuna_study.db"
}