{
  "trial_number": 77,
  "best_composite_objective": 1.6811885970965335,
  "best_score": 1.6811885970965335,
  "parameters": {
    "max_depth": 7,
    "learning_rate": 0.020465248303423594,
    "n_estimators": 4322,
    "subsample": 0.7488094742157458,
    "colsample_bytree": 0.5180056876794608,
    "min_child_weight": 4,
    "reg_alpha": 0.004240504125229548,
    "reg_lambda": 0.04695731047104032,
    "gamma": 0.0004720232119206946
  },
  "timestamp": "2026-04-20T20:35:27.510271",
  "n_trials_total": 100,
  "context_hash": "5b163b4eaa3d",
  "data_file": "/home/thelya/Work/CFST_Alchemy_Lab/cfst_predictitor/data/processed/final_feature_parameters_raw.csv",
  "study_name": "xgboost_optimization__final_feature_parameters_raw__5b163b4eaa3d__bb0fcf47d3",
  "storage_url": "sqlite:///logs/compact_group_A_optuna.db"
}