{
  "trial_number": 59,
  "best_composite_objective": 1.6123895827206642,
  "best_score": 1.6123895827206642,
  "parameters": {
    "max_depth": 7,
    "learning_rate": 0.02942696400335392,
    "n_estimators": 4205,
    "subsample": 0.7207918423458168,
    "colsample_bytree": 0.4656696681836467,
    "min_child_weight": 5,
    "reg_alpha": 0.0011933311586547013,
    "reg_lambda": 0.8412677930964456,
    "gamma": 0.00011771335888642189
  },
  "timestamp": "2026-04-20T20:47:57.389442",
  "n_trials_total": 100,
  "context_hash": "ff44851d0399",
  "data_file": "/home/thelya/Work/CFST_Alchemy_Lab/cfst_predictitor/data/processed/final_feature_parameters_raw.csv",
  "study_name": "xgboost_optimization__final_feature_parameters_raw__ff44851d0399__4bb5b9bcf9",
  "storage_url": "sqlite:///logs/compact_group_B_optuna.db"
}