{
  "trial_number": 83,
  "best_composite_objective": 5.897891544895413,
  "best_score": 5.897891544895413,
  "parameters": {
    "max_depth": 7,
    "learning_rate": 0.07393180050502558,
    "n_estimators": 2634,
    "subsample": 0.774023598072748,
    "colsample_bytree": 0.43081576582784353,
    "min_child_weight": 4,
    "reg_alpha": 0.0011403545661051102,
    "reg_lambda": 0.04122132041165179,
    "gamma": 0.00014573467151933874
  },
  "timestamp": "2026-04-21T15:35:41.689142",
  "n_trials_total": 100,
  "context_hash": "816989ab4277",
  "data_file": "/home/thelya/Work/CFST_Alchemy_Lab/cfst_predictitor/data/processed/final_feature_parameters_raw.csv",
  "study_name": "xgboost_optimization__final_feature_parameters_raw__816989ab4277__c779d232b6",
  "storage_url": "sqlite:///logs/experiments/boxcox_scan/B4_boxcox_0_75_optuna.db"
}