{
  "trial_number": 59,
  "best_composite_objective": 6.057101503212991,
  "best_score": 6.057101503212991,
  "parameters": {
    "max_depth": 7,
    "learning_rate": 0.0675439980864974,
    "n_estimators": 3756,
    "subsample": 0.7115408660987206,
    "colsample_bytree": 0.4321113170330181,
    "min_child_weight": 5,
    "reg_alpha": 0.0037914526566725838,
    "reg_lambda": 0.13620100439064478,
    "gamma": 0.00022761112046574652
  },
  "timestamp": "2026-04-21T15:15:16.957603",
  "n_trials_total": 200,
  "context_hash": "c46def73b824",
  "data_file": "/home/thelya/Work/CFST_Alchemy_Lab/cfst_predictitor/data/processed/final_feature_parameters_raw.csv",
  "study_name": "xgboost_optimization__final_feature_parameters_raw__c46def73b824__c779d232b6",
  "storage_url": "sqlite:///logs/experiments/boxcox_scan/B4_boxcox_0_25_optuna.db"
}