{
  "trial_number": 140,
  "best_composite_objective": 6.29976941429355,
  "best_score": 6.29976941429355,
  "parameters": {
    "max_depth": 7,
    "learning_rate": 0.05741261516038916,
    "n_estimators": 3151,
    "subsample": 0.7004564900642534,
    "colsample_bytree": 0.5057851877269238,
    "min_child_weight": 4,
    "reg_alpha": 0.0010072035014763536,
    "reg_lambda": 0.35459028439412854,
    "gamma": 0.000100912641781656
  },
  "timestamp": "2026-04-21T18:42:55.247407",
  "n_trials_total": 179,
  "context_hash": "70523d3aa655",
  "data_file": "/home/thelya/Work/CFST_Alchemy_Lab/cfst_predictitor/data/processed/final_feature_parameters_raw.csv",
  "study_name": "xgboost_optimization__final_feature_parameters_raw__70523d3aa655__c779d232b6",
  "storage_url": "sqlite:///logs/experiments/boxcox_scan/B4_boxcox_1_00_optuna.db"
}