{
  "trial_number": 65,
  "best_composite_objective": 5.752628629760612,
  "best_score": 5.752628629760612,
  "parameters": {
    "max_depth": 6,
    "learning_rate": 0.07984776093349359,
    "n_estimators": 3858,
    "subsample": 0.7455591906826791,
    "colsample_bytree": 0.5098819255290645,
    "min_child_weight": 4,
    "reg_alpha": 0.030316048638902315,
    "reg_lambda": 0.11896859826655345,
    "gamma": 0.0014660296435144355
  },
  "timestamp": "2026-04-21T15:25:19.224856",
  "n_trials_total": 105,
  "context_hash": "04e73fe50350",
  "data_file": "/home/thelya/Work/CFST_Alchemy_Lab/cfst_predictitor/data/processed/final_feature_parameters_raw.csv",
  "study_name": "xgboost_optimization__final_feature_parameters_raw__04e73fe50350__c779d232b6",
  "storage_url": "sqlite:///logs/experiments/boxcox_scan/B4_boxcox_0_50_optuna.db"
}