{
  "trial_number": 187,
  "best_composite_objective": 6.413816038318581,
  "best_score": 6.413816038318581,
  "parameters": {
    "max_depth": 7,
    "learning_rate": 0.07099053997566314,
    "n_estimators": 3875,
    "subsample": 0.7336110418361352,
    "colsample_bytree": 0.41446340682735733,
    "min_child_weight": 4,
    "reg_alpha": 0.0050048624499054745,
    "reg_lambda": 0.28302645903943197,
    "gamma": 0.00033600835054988453
  },
  "timestamp": "2026-04-21T15:03:57.476276",
  "n_trials_total": 200,
  "context_hash": "4eebbe876bad",
  "data_file": "/home/thelya/Work/CFST_Alchemy_Lab/cfst_predictitor/data/processed/final_feature_parameters_raw.csv",
  "study_name": "xgboost_optimization__final_feature_parameters_raw__4eebbe876bad__c779d232b6",
  "storage_url": "sqlite:///logs/experiments/boxcox_scan/B4_log_optuna.db"
}