{
  "trial_number": 60,
  "best_composite_objective": 6.053261276010576,
  "best_score": 6.053261276010576,
  "parameters": {
    "max_depth": 7,
    "learning_rate": 0.0251444102638779,
    "n_estimators": 2863,
    "subsample": 0.7219129880772404,
    "colsample_bytree": 0.5186187354484477,
    "min_child_weight": 4,
    "reg_alpha": 0.0032160019376202722,
    "reg_lambda": 0.11276776045302982,
    "gamma": 0.0004388002086705803
  },
  "timestamp": "2026-04-21T19:36:43.366903",
  "n_trials_total": 100,
  "context_hash": "2507f68cae08",
  "data_file": "/home/thelya/Work/CFST_Alchemy_Lab/cfst_predictitor/data/processed/final_feature_parameters_raw.csv",
  "study_name": "xgboost_optimization__final_feature_parameters_raw__2507f68cae08__c779d232b6",
  "storage_url": "sqlite:///logs/experiments/boxcox_scan/B6_boxcox_0_50_optuna.db"
}