{
  "trial_number": 100,
  "best_rmse": 463.3385467694038,
  "parameters": {
    "max_depth": 8,
    "learning_rate": 0.09677400495600313,
    "n_estimators": 4140,
    "subsample": 0.7684525558606209,
    "colsample_bytree": 0.5606350209585462,
    "min_child_weight": 9,
    "reg_alpha": 0.13992884673067663,
    "reg_lambda": 0.010168768975550593,
    "gamma": 0.16266536439700222
  },
  "timestamp": "2026-03-09T20:53:37.619926",
  "n_trials_total": 200,
  "context_hash": "36be618d6b70",
  "data_file": "/home/thelya/Work/work/xgboost/data/processed/2026.3.9-11864_feature_parameters_raw.csv",
  "study_name": "xgboost_optimization__2026_3_9_11864_feature_parameters_raw__36be618d6b70__613ad9676e",
  "storage_url": "sqlite:///logs/optuna_study.db"
}