{
  "trial_number": 372,
  "best_rmse": 0.10733223060601768,
  "parameters": {
    "max_depth": 6,
    "learning_rate": 0.04411666122575092,
    "n_estimators": 4066,
    "subsample": 0.7038011848542036,
    "colsample_bytree": 0.4714919226150699,
    "min_child_weight": 6,
    "reg_alpha": 0.033505711876129954,
    "reg_lambda": 0.1408673338811182,
    "gamma": 0.00020676219564729034
  },
  "timestamp": "2026-03-09T18:35:04.193044",
  "n_trials_total": 400,
  "context_hash": "986fdf8b6eb2",
  "data_file": "/home/thelya/Work/work/xgboost/data/processed/2026.3.9-11864_feature_parameters_raw.csv",
  "study_name": "xgboost_optimization__2026_3_9_11864_feature_parameters_raw__986fdf8b6eb2__a2fc5da2c7",
  "storage_url": "sqlite:///logs/optuna_study.db"
}