{
  "trial_number": 42,
  "best_composite_objective": 2.3410564229363398,
  "best_score": 2.3410564229363398,
  "parameters": {
    "max_depth": 7,
    "learning_rate": 0.04289671882985265,
    "n_estimators": 2604,
    "subsample": 0.6472647632162094,
    "colsample_bytree": 0.40280752545038945,
    "min_child_weight": 8,
    "reg_alpha": 0.022518545683829657,
    "reg_lambda": 3.6511070610669933,
    "gamma": 0.00016671780836919486
  },
  "timestamp": "2026-04-20T17:36:54.799374",
  "n_trials_total": 100,
  "context_hash": "aa407a7072ec",
  "data_file": "/home/thelya/Work/CFST_Alchemy_Lab/cfst_predictitor/data/processed/final_feature_parameters_raw.csv",
  "study_name": "xgboost_optimization__final_feature_parameters_raw__aa407a7072ec__0049c12e5a",
  "storage_url": "sqlite:///logs/optuna_study.db"
}