{
  "model_name": "xgboost_model",
  "timestamp": "2026-03-09T18:36:12.749392",
  "context_hash": "986fdf8b6eb2",
  "params_source": "optuna_best",
  "final_model_params": {
    "objective": "reg:squarederror",
    "max_depth": 6,
    "learning_rate": 0.04411666122575092,
    "n_estimators": 4066,
    "subsample": 0.7038011848542036,
    "colsample_bytree": 0.4714919226150699,
    "min_child_weight": 6,
    "reg_alpha": 0.033505711876129954,
    "reg_lambda": 0.1408673338811182,
    "gamma": 0.00020676219564729034,
    "random_state": 42,
    "tree_method": "hist",
    "device": "cpu",
    "n_jobs": -1
  },
  "optuna_run_info": {
    "study_name": "xgboost_optimization__2026_3_9_11864_feature_parameters_raw__986fdf8b6eb2__a2fc5da2c7",
    "storage_url": "sqlite:///logs/optuna_study.db",
    "n_trials_before": 0,
    "n_trials_after": 400,
    "best_score": 0.10733223060601768,
    "best_params": {
      "max_depth": 6,
      "learning_rate": 0.04411666122575092,
      "n_estimators": 4066,
      "subsample": 0.7038011848542036,
      "colsample_bytree": 0.4714919226150699,
      "min_child_weight": 6,
      "reg_alpha": 0.033505711876129954,
      "reg_lambda": 0.1408673338811182,
      "gamma": 0.00020676219564729034
    }
  },
  "target_transform": {
    "enabled": true,
    "type": "log",
    "original_column": "Nexp (kN)"
  },
  "train_metrics_original_space": {
    "rmse": 172.89340436135066,
    "mae": 61.523700952289026,
    "r2": 0.9955959410284079,
    "mape": 3.2170035318688943,
    "mse": 29892.129271657508,
    "max_error": 9769.21875,
    "mean_prediction": 1993.507080078125,
    "mean_actual": 2000.0330818047648,
    "cov": 0.05221163860973492,
    "n_samples": 9486
  },
  "test_metrics_original_space": {
    "rmse": 504.70321492978786,
    "mae": 128.1348986883437,
    "r2": 0.9633773119337798,
    "mape": 5.974336743511237,
    "mse": 254725.33516046364,
    "max_error": 11401.888671875,
    "mean_prediction": 1972.4573974609375,
    "mean_actual": 1981.1709536256326,
    "cov": 0.10621857176307445,
    "n_samples": 2372
  },
  "train_metrics_transformed_space": {
    "rmse": 0.05125834777174224,
    "mae": 0.03209161755200936,
    "r2": 0.9970642877333148,
    "mape": 0.4590236971618547,
    "mse": 0.002627418216288873,
    "max_error": 0.7507985448500438,
    "mean_prediction": 7.152016639709473,
    "mean_actual": 7.152464306904833,
    "cov": 0.0074292855945929746,
    "n_samples": 9486
  },
  "test_metrics_transformed_space": {
    "rmse": 0.09575910931857147,
    "mae": 0.05797291448870637,
    "r2": 0.9896346760219653,
    "mape": 0.8294179101908663,
    "mse": 0.009169807017486122,
    "max_error": 0.9300452410850939,
    "mean_prediction": 7.147697925567627,
    "mean_actual": 7.141950568727967,
    "cov": 0.013736551361294579,
    "n_samples": 2372
  },
  "cv_results": {
    "cv_scores": [
      -0.10304883085108556,
      -0.09665801298596573,
      -0.11435585713636098,
      -0.10866783652871316,
      -0.11393061552796298
    ],
    "mean_cv_score": -0.10733223060601768,
    "std_cv_score": 0.006737066003200752,
    "max_cv_score": -0.09665801298596573,
    "min_cv_score": -0.11435585713636098,
    "cv_time": 6.427641868591309,
    "n_folds": 5
  },
  "data_split": {
    "n_train": 9486,
    "n_test": 2372,
    "test_size": 0.2,
    "n_train_fit": 8063,
    "n_validation": 1423
  },
  "overfitting_analysis": {
    "rmse_ratio_original": 2.9191582917469083,
    "rmse_ratio_transformed": 1.868166132568199,
    "status": "overfitting"
  }
}