{
  "trial_number": 82,
  "best_composite_objective": 6.571807621007338,
  "best_score": 6.571807621007338,
  "parameters": {
    "max_depth": 7,
    "learning_rate": 0.07042226235817363,
    "n_estimators": 3066,
    "subsample": 0.7020386862164067,
    "colsample_bytree": 0.5356781225214776,
    "min_child_weight": 4,
    "reg_alpha": 0.026448392658057734,
    "reg_lambda": 0.14779265119124063,
    "gamma": 0.0005099409779342918
  },
  "timestamp": "2026-04-21T13:29:43.979675",
  "n_trials_total": 100,
  "context_hash": "ae8d9a3a0647",
  "data_file": "/home/thelya/Work/CFST_Alchemy_Lab/cfst_predictitor/data/processed/final_feature_parameters_raw.csv",
  "study_name": "xgboost_optimization__final_feature_parameters_raw__ae8d9a3a0647__c779d232b6",
  "storage_url": "sqlite:///logs/experiments/compact_group_B_rebuild/compact_group_B6_plus_bh_r0h_optuna.db"
}